mode,slide,title,scrollHeight,clientHeight,banner,scale,renderedBodyPx,renderedCodePx
default,1,"오늘의 미션",775,775,false,1,28.00,24.00
default,2,"이거… 너희도 만들 수 있어 · 완성 화면",775,775,false,1,28.00,24.00
default,3,"이거… 너희도 만들 수 있어 · 실시간 시연",775,775,false,1,28.00,24.00
default,4,"어떻게 가능할까? · 네 단계의 흐름",775,775,false,1,28.00,24.00
default,5,"어떻게 가능할까? · 한 동작을 세는 방법",775,775,false,1,28.00,24.00
default,6,"오늘 배울 것 · 네 가지 도구",775,775,false,1,28.00,24.00
default,7,"환경 설정하기 · 실습 준비와 설치",775,775,false,1,28.00,24.00
default,8,"환경 설정하기 · 가상환경",775,775,false,1,28.00,24.00
default,9,"환경 설정하기 · 권장 버전",775,775,false,1,28.00,24.00
default,10,"환경 설정하기 · 설치 확인",775,775,false,1,28.00,24.00
default,11,"환경 설정하기 · 웹캠 문제 해결",775,775,false,1,28.00,24.00
default,12,"웹캠 띄우기 · 첫 영상과 반복문",775,775,false,1,28.00,24.00
default,13,"웹캠 띄우기 · 기본 웹캠 코드",775,775,false,1,28.00,24.00
default,14,"웹캠 띄우기 · 좌우 반전",775,775,false,1,24.00,20.00
default,15,"웹캠 띄우기 · 글자 넣기",775,775,false,1,28.00,24.00
default,16,"웹캠 띄우기 · 메시지 코드 · 1",775,775,false,1,26.00,22.00
default,17,"웹캠 띄우기 · 메시지 코드 · 2",775,775,false,1,28.00,24.00
default,18,"웹캠 띄우기 · BGR 색상",775,775,false,1,28.00,24.00
default,19,"웹캠 띄우기 · 사각형과 그리는 순서",775,775,false,1,28.00,24.00
default,20,"웹캠 띄우기 · 도형 코드 · 1",775,775,false,1,26.00,22.00
default,21,"웹캠 띄우기 · 도형 코드 · 2",775,775,false,1,26.00,22.00
default,22,"웹캠 띄우기 · 한글과 반환값",775,775,false,1,28.00,24.00
default,23,"웹캠 띄우기 · 한글 출력 코드",775,775,false,1,24.00,20.00
default,24,"웹캠 띄우기 · 직접 해보기",775,775,false,1,28.00,24.00
default,25,"OpenCV란? · OpenCV의 역할",775,775,false,1,28.00,24.00
default,26,"OpenCV란? · 써 본 함수 세 가지",775,775,false,1,28.00,24.00
default,27,"관절 인식 · 관절 인식 화면",775,775,false,1,28.00,24.00
default,28,"관절 인식 · 핵심 네 줄",775,775,false,1,28.00,24.00
default,29,"관절 인식 · BGR과 RGB",775,775,false,1,28.00,24.00
default,30,"관절 인식 · 첫 관절 인식 코드 · 1",775,775,false,1,26.00,22.00
default,31,"관절 인식 · 첫 관절 인식 코드 · 2",775,775,false,1,28.00,24.00
default,32,"관절 인식 · 스타일과 초기 설정",775,775,false,1,28.00,24.00
default,33,"관절 인식 · 초기 설정 코드",775,775,false,1,28.00,24.00
default,34,"관절 인식 · 분석과 자원 정리",775,775,false,1,28.00,24.00
default,35,"관절 인식 · 관절 처리와 표시 · 1",775,775,false,1,26.00,22.00
default,36,"관절 인식 · 관절 처리와 표시 · 2",775,775,false,1,26.00,22.00
default,37,"관절 인식 · 관절 처리와 표시 · 3",775,775,false,1,27.00,23.00
default,38,"관절 인식 · 좌표 비율과 신뢰도",775,775,false,1,28.00,24.00
default,39,"33개 랜드마크 지도 · 33개 관절 지도",775,775,false,1,28.00,24.00
default,40,"33개 랜드마크 지도 · 번호 그룹 표",775,775,false,1,28.00,24.00
default,41,"33개 랜드마크 지도 · 오늘 쓸 여섯 관절",775,775,false,1,28.00,24.00
default,42,"33개 랜드마크 지도 · 지도 조작 안내",775,775,false,1,28.00,24.00
default,43,"33개 랜드마크 지도 · 랜드마크 지도 실험",775,775,false,1,28.00,24.00
default,44,"각도와 카운트 · 왜 각도인가",775,775,false,1,28.00,24.00
default,45,"각도와 카운트 · 세 점과 두 벡터",775,775,false,1,28.00,24.00
default,46,"각도와 카운트 · 계산 과정과 판정",775,775,false,1,28.00,24.00
default,47,"각도와 카운트 · 벡터 내적 공식",775,775,false,1,28.00,24.00
default,48,"각도와 카운트 · 각도 함수 · 1",775,775,false,1,26.00,22.00
default,49,"각도와 카운트 · 각도 함수 · 2",775,775,false,1,26.00,22.00
default,50,"각도와 카운트 · 각도 함수 · 3",775,775,false,1,28.00,24.00
default,51,"각도와 카운트 · 여섯 단계와 수치 오차",775,775,false,1,28.00,24.00
default,52,"각도와 카운트 · 두 계산법 조작 안내",775,775,false,1,28.00,24.00
default,53,"각도와 카운트 · 무릎 각도 실험",775,775,false,0.9404,26.33,22.57
default,54,"각도와 카운트 · 자세 판정 함수",775,775,false,1,28.00,24.00
default,55,"각도와 카운트 · 네 판정 구간",775,775,false,1,28.00,24.00
default,56,"각도와 카운트 · 조건 검사 순서",775,775,false,1,28.00,24.00
default,57,"각도와 카운트 · 단순 비교의 문제",775,775,false,1,28.00,24.00
default,58,"각도와 카운트 · 상태 전이 그림",775,775,false,1,28.00,24.00
default,59,"각도와 카운트 · 정자세에서 DOWN 진입",775,775,false,1,28.00,24.00
default,60,"각도와 카운트 · 진입과 유지",775,775,false,1,28.00,24.00
default,61,"각도와 카운트 · 카운터 조작 안내",775,775,false,1,28.00,24.00
default,62,"각도와 카운트 · 상태머신 실험",775,775,false,1,28.00,24.00
default,63,"각도와 카운트 · final.py 구조 지도",775,775,false,1,28.00,24.00
default,64,"각도와 카운트 · 각도를 다른 범위로 옮기기",775,775,false,1,28.00,24.00
default,65,"각도와 카운트 · 각도 계산",775,775,false,1,26.00,22.00
default,66,"각도와 카운트 · 메인 루프 · 프레임 분석",775,775,false,1,26.00,22.00
default,67,"각도와 카운트 · 카운트와 이정표",775,775,false,1,28.00,24.00
default,68,"스쿼트 왕 토너먼트 · 60초 경기 진행",775,775,false,1,28.00,24.00
default,69,"스쿼트 왕 토너먼트 · 인정되는 동작",775,775,false,1,28.00,24.00
default,70,"스쿼트 왕 토너먼트 · 경기 기록표",775,775,false,1,28.00,24.00
default,71,"스쿼트 왕 토너먼트 · 우승자 발표",775,775,false,1,28.00,24.00
default,72,"응용해보자 · 허점 찾기 과제",775,775,false,1,28.00,24.00
default,73,"응용해보자 · 허점 찾기 · 답과 규칙",775,775,false,1,28.00,24.00
default,74,"응용해보자 · 새로운 운동에 적용",775,775,false,1,28.00,24.00
default,75,"응용해보자 · Level 2 예고",775,775,false,1,28.00,24.00
default,76,"응용해보자 · 수학과 코드의 만남",775,775,false,1,28.00,24.00
included,1,"오늘의 미션",775,775,false,1,28.00,24.00
included,2,"이거… 너희도 만들 수 있어 · 완성 화면",775,775,false,1,28.00,24.00
included,3,"이거… 너희도 만들 수 있어 · 실시간 시연",775,775,false,1,28.00,24.00
included,4,"어떻게 가능할까? · 네 단계의 흐름",775,775,false,1,28.00,24.00
included,5,"어떻게 가능할까? · 한 동작을 세는 방법",775,775,false,1,28.00,24.00
included,6,"오늘 배울 것 · 네 가지 도구",775,775,false,1,28.00,24.00
included,7,"환경 설정하기 · 실습 준비와 설치",775,775,false,1,28.00,24.00
included,8,"환경 설정하기 · 가상환경",775,775,false,1,28.00,24.00
included,9,"환경 설정하기 · 권장 버전",775,775,false,1,28.00,24.00
included,10,"환경 설정하기 · 설치 확인",775,775,false,1,28.00,24.00
included,11,"환경 설정하기 · 웹캠 문제 해결",775,775,false,1,28.00,24.00
included,12,"웹캠 띄우기 · 첫 영상과 반복문",775,775,false,1,28.00,24.00
included,13,"웹캠 띄우기 · 기본 웹캠 코드",775,775,false,1,28.00,24.00
included,14,"웹캠 띄우기 · 좌우 반전",775,775,false,1,24.00,20.00
included,15,"웹캠 띄우기 · 글자 넣기",775,775,false,1,28.00,24.00
included,16,"웹캠 띄우기 · 메시지 코드 · 1",775,775,false,1,26.00,22.00
included,17,"웹캠 띄우기 · 메시지 코드 · 2",775,775,false,1,28.00,24.00
included,18,"웹캠 띄우기 · BGR 색상",775,775,false,1,28.00,24.00
included,19,"웹캠 띄우기 · 사각형과 그리는 순서",775,775,false,1,28.00,24.00
included,20,"웹캠 띄우기 · 도형 코드 · 1",775,775,false,1,26.00,22.00
included,21,"웹캠 띄우기 · 도형 코드 · 2",775,775,false,1,26.00,22.00
included,22,"웹캠 띄우기 · 한글과 반환값",775,775,false,1,28.00,24.00
included,23,"웹캠 띄우기 · 한글 출력 코드",775,775,false,1,24.00,20.00
included,24,"웹캠 띄우기 · 직접 해보기",775,775,false,1,28.00,24.00
included,25,"OpenCV란? · OpenCV의 역할",775,775,false,1,28.00,24.00
included,26,"OpenCV란? · 써 본 함수 세 가지",775,775,false,1,28.00,24.00
included,27,"관절 인식 · 관절 인식 화면",775,775,false,1,28.00,24.00
included,28,"관절 인식 · 핵심 네 줄",775,775,false,1,28.00,24.00
included,29,"관절 인식 · BGR과 RGB",775,775,false,1,28.00,24.00
included,30,"관절 인식 · 첫 관절 인식 코드 · 1",775,775,false,1,26.00,22.00
included,31,"관절 인식 · 첫 관절 인식 코드 · 2",775,775,false,1,28.00,24.00
included,32,"관절 인식 · 스타일과 초기 설정",775,775,false,1,28.00,24.00
included,33,"관절 인식 · 초기 설정 코드",775,775,false,1,28.00,24.00
included,34,"관절 인식 · 분석과 자원 정리",775,775,false,1,28.00,24.00
included,35,"관절 인식 · 관절 처리와 표시 · 1",775,775,false,1,26.00,22.00
included,36,"관절 인식 · 관절 처리와 표시 · 2",775,775,false,1,26.00,22.00
included,37,"관절 인식 · 관절 처리와 표시 · 3",775,775,false,1,27.00,23.00
included,38,"관절 인식 · 좌표 비율과 신뢰도",775,775,false,1,28.00,24.00
included,39,"33개 랜드마크 지도 · 33개 관절 지도",775,775,false,1,28.00,24.00
included,40,"33개 랜드마크 지도 · 번호의 의미",775,775,false,1,28.00,24.00
included,41,"33개 랜드마크 지도 · 번호 그룹 표",775,775,false,1,28.00,24.00
included,42,"33개 랜드마크 지도 · 오늘 쓸 여섯 관절",775,775,false,1,28.00,24.00
included,43,"33개 랜드마크 지도 · 지도 조작 안내",775,775,false,1,28.00,24.00
included,44,"33개 랜드마크 지도 · 랜드마크 지도 실험",775,775,false,1,28.00,24.00
included,45,"각도와 카운트 · 왜 각도인가",775,775,false,1,28.00,24.00
included,46,"각도와 카운트 · 세 점과 두 벡터",775,775,false,1,28.00,24.00
included,47,"각도와 카운트 · 계산 과정과 판정",775,775,false,1,28.00,24.00
included,48,"각도와 카운트 · 벡터 내적 공식",775,775,false,1,28.00,24.00
included,49,"각도와 카운트 · 각도 함수 · 1",775,775,false,1,26.00,22.00
included,50,"각도와 카운트 · 각도 함수 · 2",775,775,false,1,26.00,22.00
included,51,"각도와 카운트 · 각도 함수 · 3",775,775,false,1,28.00,24.00
included,52,"각도와 카운트 · 여섯 단계와 수치 오차",775,775,false,1,28.00,24.00
included,53,"각도와 카운트 · 두 계산법 조작 안내",775,775,false,1,28.00,24.00
included,54,"각도와 카운트 · 무릎 각도 실험",775,775,false,0.9404,26.33,22.57
included,55,"각도와 카운트 · 자세 판정 함수",775,775,false,1,28.00,24.00
included,56,"각도와 카운트 · 네 판정 구간",775,775,false,1,28.00,24.00
included,57,"각도와 카운트 · 조건 검사 순서",775,775,false,1,28.00,24.00
included,58,"각도와 카운트 · 단순 비교의 문제",775,775,false,1,28.00,24.00
included,59,"각도와 카운트 · 상태 전이 그림",775,775,false,1,28.00,24.00
included,60,"각도와 카운트 · 정자세에서 DOWN 진입",775,775,false,1,28.00,24.00
included,61,"각도와 카운트 · 진입과 유지",775,775,false,1,28.00,24.00
included,62,"각도와 카운트 · 카운터 조작 안내",775,775,false,1,28.00,24.00
included,63,"각도와 카운트 · 상태머신 실험",775,775,false,1,28.00,24.00
included,64,"각도와 카운트 · final.py 구조 지도",775,775,false,1,28.00,24.00
included,65,"각도와 카운트 · 완성 프로그램 구성",775,775,false,1,28.00,24.00
included,66,"각도와 카운트 · 각도를 다른 범위로 옮기기",775,775,false,1,28.00,24.00
included,67,"각도와 카운트 · 각도 계산",775,775,false,1,26.00,22.00
included,68,"각도와 카운트 · 판정 함수",775,775,false,1,28.00,24.00
included,69,"각도와 카운트 · UI · 반투명 패널",775,775,false,1,28.00,24.00
included,70,"각도와 카운트 · UI · 각도 바",775,775,false,1,26.00,22.00
included,71,"각도와 카운트 · 초기화와 마일스톤",775,775,false,1,25.00,21.00
included,72,"각도와 카운트 · 메인 루프 · 프레임 분석",775,775,false,1,24.00,20.00
included,73,"각도와 카운트 · 메인 루프 · 좌표와 판정",775,775,false,1,28.00,24.00
included,74,"각도와 카운트 · 카운트와 이정표",775,775,false,1,28.00,24.00
included,75,"각도와 카운트 · 무릎 각도와 피드백",775,775,false,1,28.00,24.00
included,76,"각도와 카운트 · UI · 정보 패널",775,775,false,1,27.00,23.00
included,77,"각도와 카운트 · UI · 시간과 페이스",775,775,false,1,28.00,24.00
included,78,"각도와 카운트 · 마일스톤 축하",775,775,false,1,28.00,24.00
included,79,"각도와 카운트 · 루프 종료",775,775,false,1,28.00,24.00
included,80,"각도와 카운트 · 종료 결과 출력",775,775,false,1,28.00,24.00
included,81,"각도와 카운트 · 축하 메시지와 페이스",775,775,false,1,28.00,24.00
included,82,"스쿼트 왕 토너먼트 · 60초 경기 진행",775,775,false,1,28.00,24.00
included,83,"스쿼트 왕 토너먼트 · 인정되는 동작",775,775,false,1,28.00,24.00
included,84,"스쿼트 왕 토너먼트 · 경기 기록표",775,775,false,1,28.00,24.00
included,85,"스쿼트 왕 토너먼트 · 우승자 발표",775,775,false,1,28.00,24.00
included,86,"응용해보자 · 허점 찾기 과제",775,775,false,1,28.00,24.00
included,87,"응용해보자 · 허점 찾기 · 답과 규칙",775,775,false,1,28.00,24.00
included,88,"응용해보자 · 새로운 운동에 적용",775,775,false,1,28.00,24.00
included,89,"응용해보자 · Level 2 예고",775,775,false,1,28.00,24.00
included,90,"응용해보자 · 수학과 코드의 만남",775,775,false,1,28.00,24.00
